[
	{
		"version": "7.0",
		"list_screen": {
			"title": "Network Users",
			"type": "wp-ms_users",
			"id": "01d0420031914",
			"status": "",
			"updated": 1759151992,
			"columns": [
				{
					"name": "username",
					"label": "Username",
					"width_unit": "px",
					"width": "280",
					"export": "on",
					"search": "on",
					"filter": "off",
					"filter_label": "",
					"sort": "on",
					"type": "username"
				},
				{
					"name": "2a4e3e9fa18938",
					"label": "First Name",
					"width_unit": "px",
					"width": "149",
					"edit": "on",
					"bulk_edit": "on",
					"export": "on",
					"search": "on",
					"filter": "off",
					"filter_label": "",
					"sort": "on",
					"type": "column-first_name"
				},
				{
					"name": "2cc242a4570a3e",
					"label": "Last Name",
					"width_unit": "px",
					"width": "150",
					"edit": "on",
					"bulk_edit": "on",
					"export": "on",
					"search": "on",
					"filter": "off",
					"filter_label": "",
					"sort": "on",
					"type": "column-last_name"
				},
				{
					"name": "618f89b2aed918",
					"label": "Language",
					"width_unit": "px",
					"width": "140",
					"edit": "on",
					"bulk_edit": "on",
					"export": "on",
					"search": "on",
					"filter": "off",
					"filter_label": "",
					"sort": "on",
					"type": "column-user_default_language"
				},
				{
					"name": "600c5696d78d50",
					"label": "Nickname",
					"width_unit": "px",
					"width": "149",
					"user_link_to": "",
					"edit": "on",
					"bulk_edit": "on",
					"export": "on",
					"search": "on",
					"filter": "off",
					"filter_label": "",
					"sort": "on",
					"type": "column-nickname"
				},
				{
					"name": "email",
					"label": "Email",
					"width_unit": "px",
					"width": "240",
					"edit": "on",
					"export": "on",
					"search": "on",
					"filter": "on",
					"filter_label": "",
					"sort": "on",
					"type": "email"
				},
				{
					"name": "5aff0acffd2f1c",
					"label": "Website",
					"width_unit": "px",
					"width": "240",
					"edit": "on",
					"bulk_edit": "on",
					"export": "on",
					"search": "on",
					"filter": "off",
					"filter_label": "",
					"sort": "on",
					"type": "column-user_url"
				},
				{
					"name": "376787e6b16872",
					"label": "Role",
					"width_unit": "px",
					"width": "140",
					"edit": "on",
					"bulk_edit": "on",
					"export": "on",
					"search": "on",
					"filter": "off",
					"filter_label": "",
					"sort": "on",
					"type": "column-roles"
				},
				{
					"name": "46f2bec86f1aa0",
					"label": "Biographical Info",
					"width_unit": "%",
					"width": "",
					"excerpt_length": "20",
					"before": "",
					"after": "",
					"edit": "on",
					"bulk_edit": "on",
					"export": "on",
					"search": "on",
					"filter": "off",
					"filter_label": "",
					"sort": "on",
					"type": "column-user_description"
				},
				{
					"name": "blogs",
					"label": "Sites",
					"width_unit": "px",
					"width": "",
					"export": "on",
					"type": "blogs"
				}
			],
			"settings": {
				"roles": [],
				"users": [],
				"sorting": "",
				"sorting_order": "asc",
				"hide_inline_edit": "off",
				"hide_bulk_edit": "off",
				"hide_bulk_delete": "off",
				"hide_smart_filters": "off",
				"hide_segments": "off",
				"hide_export": "off",
				"hide_conditional_formatting": "off",
				"resize_columns": "off",
				"column_order": "off",
				"hide_filters": "off",
				"hide_submenu": "off",
				"hide_search": "off",
				"hide_bulk_actions": "off",
				"hide_row_actions": "off",
				"horizontal_scrolling": "on",
				"primary_column": "",
				"filter_segment": "",
				"wrapping": "clip"
			}
		},
		"segments": [],
		"conditional_format": []
	}
]