[
    {
        "version": "6.4",
        "list_screen": {
            "title": "👤 User Settings",
            "type": "wp-users",
            "status": "inactive",
            "id": "654b7ac2f334e",
            "updated": 1699447296,
            "columns": {
                "username": {
                    "type": "username",
                    "label": "Username",
                    "width": "280",
                    "width_unit": "px",
                    "export": "on",
                    "sort": "on",
                    "search": "on",
                    "filter": "off",
                    "filter_label": "",
                    "name": "username"
                },
                "4e53a7aa90e560": {
                    "type": "column-rich_editing",
                    "label": "Visual Editor",
                    "width": "120",
                    "width_unit": "px",
                    "export": "on",
                    "sort": "on",
                    "edit": "on",
                    "bulk_edit": "on",
                    "search": "on",
                    "filter": "off",
                    "filter_label": "",
                    "name": "4e53a7aa90e560"
                },
                "4dc16a76189374": {
                    "type": "column-meta",
                    "label": "Color Scheme",
                    "width": "140",
                    "width_unit": "px",
                    "field": "admin_color",
                    "field_type": "excerpt",
                    "string_limit": "word_limit",
                    "excerpt_length": "20",
                    "before": "",
                    "after": "",
                    "edit": "on",
                    "editable_type": "text",
                    "export": "on",
                    "sort": "on",
                    "bulk_edit": "on",
                    "search": "on",
                    "filter": "off",
                    "filter_label": "",
                    "name": "4dc16a76189374"
                },
                "49d49ae059db24": {
                    "type": "column-user_show_toolbar",
                    "label": "Show Toolbar",
                    "width": "140",
                    "width_unit": "px",
                    "export": "on",
                    "sort": "on",
                    "edit": "on",
                    "bulk_edit": "on",
                    "search": "on",
                    "filter": "off",
                    "filter_label": "",
                    "name": "49d49ae059db24"
                },
                "618f89b2aed918": {
                    "type": "column-user_default_language",
                    "label": "Language",
                    "width": "140",
                    "width_unit": "px",
                    "export": "on",
                    "sort": "on",
                    "edit": "on",
                    "bulk_edit": "on",
                    "search": "on",
                    "filter": "off",
                    "filter_label": "",
                    "name": "618f89b2aed918"
                },
                "376787e6b16872": {
                    "type": "column-roles",
                    "label": "Role",
                    "width": "140",
                    "width_unit": "px",
                    "export": "on",
                    "sort": "on",
                    "edit": "on",
                    "bulk_edit": "on",
                    "search": "on",
                    "filter": "off",
                    "filter_label": "",
                    "name": "376787e6b16872"
                },
                "2a4e3e9fa18938": {
                    "type": "column-first_name",
                    "label": "First Name",
                    "width": "149",
                    "width_unit": "px",
                    "export": "on",
                    "sort": "on",
                    "edit": "on",
                    "bulk_edit": "on",
                    "search": "on",
                    "filter": "off",
                    "filter_label": "",
                    "name": "2a4e3e9fa18938"
                },
                "2cc242a4570a3e": {
                    "type": "column-last_name",
                    "label": "Last Name",
                    "width": "150",
                    "width_unit": "px",
                    "export": "on",
                    "sort": "on",
                    "edit": "on",
                    "bulk_edit": "on",
                    "search": "on",
                    "filter": "off",
                    "filter_label": "",
                    "name": "2cc242a4570a3e"
                },
                "600c5696d78d50": {
                    "type": "column-nickname",
                    "label": "Nickname",
                    "width": "149",
                    "width_unit": "px",
                    "export": "on",
                    "sort": "on",
                    "edit": "on",
                    "bulk_edit": "on",
                    "search": "on",
                    "filter": "off",
                    "filter_label": "",
                    "name": "600c5696d78d50"
                },
                "3ac9f335bef9dc": {
                    "type": "column-display_name",
                    "label": "Display Name",
                    "width": "180",
                    "width_unit": "px",
                    "export": "on",
                    "sort": "on",
                    "edit": "on",
                    "name": "3ac9f335bef9dc"
                },
                "email": {
                    "type": "email",
                    "label": "Email",
                    "width": "240",
                    "width_unit": "px",
                    "export": "on",
                    "sort": "on",
                    "edit": "on",
                    "search": "on",
                    "filter": "on",
                    "filter_label": "",
                    "name": "email"
                },
                "5aff0acffd2f1c": {
                    "type": "column-user_url",
                    "label": "Website",
                    "width": "240",
                    "width_unit": "px",
                    "export": "on",
                    "sort": "on",
                    "edit": "on",
                    "bulk_edit": "on",
                    "search": "on",
                    "filter": "off",
                    "filter_label": "",
                    "name": "5aff0acffd2f1c"
                },
                "46f2bec86f1aa0": {
                    "type": "column-user_description",
                    "label": "Biographical Info",
                    "width": "",
                    "width_unit": "%",
                    "excerpt_length": "20",
                    "before": "",
                    "after": "",
                    "export": "on",
                    "sort": "on",
                    "edit": "on",
                    "bulk_edit": "on",
                    "search": "on",
                    "filter": "off",
                    "filter_label": "",
                    "name": "46f2bec86f1aa0"
                }
            },
            "settings": {
                "roles": [],
                "users": [],
                "sorting": "0",
                "sorting_order": "asc",
                "hide_inline_edit": "off",
                "hide_bulk_edit": "off",
                "hide_bulk_delete": "off",
                "hide_smart_filters": "off",
                "hide_segments": "off",
                "hide_export": "off",
                "hide_conditional_formatting": "off",
                "resize_columns": "off",
                "column_order": "off",
                "hide_filters": "off",
                "hide_submenu": "off",
                "hide_search": "off",
                "hide_bulk_actions": "off",
                "hide_row_actions": "off",
                "horizontal_scrolling": "on",
                "primary_column": "",
                "filter_segment": "",
                "wrapping": "clip"
            }
        }
    }
]